{"stat.chestOpened":6,"stat.drop.minecraft.mutton":2,"stat.useItem.minecraft.chain_command_block":3,"stat.useItem.minecraft.quartz_block":27,"stat.horseOneCm":278897,"stat.useItem.minecraft.quartz_stairs":7,"stat.leaveGame":42,"stat.useItem.minecraft.repeating_command_block":19,"stat.useItem.minecraft.diamond_sword":5,"stat.useItem.minecraft.glowstone":1,"stat.jump":3277,"stat.useItem.minecraft.concrete_powder":38,"stat.climbOneCm":35132,"stat.fallOneCm":6878,"stat.useItem.minecraft.nether_brick_stairs":92,"stat.drop.minecraft.coal_block":1,"stat.pickup.minecraft.porkchop":15,"stat.crouchOneCm":12592,"stat.useItem.minecraft.coal_block":168,"stat.useItem.minecraft.nether_brick_fence":51,"stat.useItem.minecraft.stone_button":23,"stat.pickup.minecraft.dirt":1,"stat.useItem.minecraft.stone_slab2":87,"stat.useItem.minecraft.glass":11,"stat.drop.minecraft.web":1,"stat.useItem.minecraft.red_nether_brick":73,"stat.pickup.minecraft.leather":1,"stat.useItem.minecraft.dark_oak_fence":1,"stat.damageTaken":210,"stat.drop.minecraft.nether_star":2,"stat.flyOneCm":5409836,"stat.useItem.minecraft.magma":11,"stat.damageDealt":360,"stat.timeSinceDeath":2209316,"stat.useItem.minecraft.sign":2,"stat.useItem.minecraft.spawn_egg":39,"stat.killEntity.Pig":2,"stat.pickup.minecraft.mutton":2,"stat.useItem.minecraft.command_block":17,"stat.walkOneCm":230035,"stat.useItem.minecraft.chest":5,"stat.useItem.minecraft.lever":7,"stat.drop.minecraft.porkchop":3,"stat.drop.minecraft.dirt":1,"stat.useItem.minecraft.lava_bucket":9,"stat.drop.minecraft.wool":1,"stat.drop.minecraft.spawn_egg":64,"stat.useItem.minecraft.redstone_block":70,"stat.pickup.minecraft.web":1,"stat.pickup.minecraft.nether_star":4,"stat.useItem.minecraft.stained_hardened_clay":68,"stat.sprintOneCm":337525,"stat.useItem.minecraft.stained_glass":19,"stat.useItem.minecraft.diamond_block":1,"stat.pickup.minecraft.ladder":4,"stat.useItem.minecraft.concrete":333,"stat.useItem.minecraft.netherrack":67,"stat.pickup.minecraft.coal_block":1,"stat.useItem.minecraft.flint_and_steel":41,"stat.useItem.minecraft.iron_block":8,"stat.pickup.minecraft.concrete_powder":1,"stat.pickup.minecraft.saddle":1,"stat.mobKills":2,"stat.pickup.minecraft.lever":2,"stat.drop":9,"stat.useItem.minecraft.writable_book":2,"stat.playOneMinute":2209316,"stat.pickup.minecraft.stone_button":1,"stat.useItem.minecraft.nether_brick":121,"stat.sneakTime":14413,"stat.pickup.minecraft.wool":1,"stat.useItem.minecraft.web":1}