{
  "minecraft:recipes/misc/coal": {
    "criteria": {
      "has_coal_block": "2022-07-20 11:05:03 +0300"
    },
    "done": true
  },
  "minecraft:recipes/decorations/chest": {
    "criteria": {
      "has_lots_of_items": "2022-07-20 11:00:39 +0300"
    },
    "done": true
  },
  "minecraft:adventure/adventuring_time": {
    "criteria": {
      "plains": "2022-07-20 10:49:10 +0300",
      "desert": "2022-07-20 10:51:23 +0300"
    },
    "done": false
  },
  "bewitchment:root": {
    "criteria": {
      "tick": "2022-07-20 10:49:10 +0300"
    },
    "done": true
  }
}